serial,id,title,creator,description,date,place,geo,ekt_type,digital_type,europeana_type,file_type,language,keywords,an_project,color,method,collection_title,notes,registration_date,documenter,collection_slug
1,cmt_amorgos_archival_hozoviotissa_001,Διενέργεια αλιείας,Δημήτρης Βεκρής,Ο Δημήτρης Βεκρής διενεργεί αλιεία.,2015,Νικουριά,,,,,,,"Δημήτρης Βεκρής, αλιεία",,,,,,,Πάρις Τσιριγώτης,hozoviotissa
2,cmt_amorgos_archival_hozoviotissa_002,Αποθήκευση αλιέυματος μαρίδας,Δημήτρης Βεκρής,Μεταφορά αλιέυματος μαρίδας απο καφάσια σε αφρολέξ μετά απο αλιεία.,2015,Νικουριά,,,,,,,,,,,,,,Πάρις Τσιριγώτης,hozoviotissa
3,cmt_amorgos_archival_hozoviotissa_003,Αλιεία απο καΐκι ,Δημήτρης Βεκρής,"Αλιεία απο καΐκι. Αριστερά Γιάννης Βεκρής, Δεξιά Δημήτρης Βεκρής. ",g. 1970,Αμοργός,,,,,,,,,,,,,,Πάρις Τσιριγώτης,hozoviotissa
4,cmt_amorgos_archival_hozoviotissa_004,Τρία καΐκια και ένα ιστιοπλοικό ,Δημήτρης Βεκρής,3 Καΐκια και 1 Ιστιοπλοικό.,g. 2000,Αντικέρι,,,,,,,,,,,,,,Πάρις Τσιριγώτης,hozoviotissa
5,cmt_amorgos_archival_hozoviotissa_005,"Αλιεία με το καΐκι ""Πανορμίτης"" ",Δημήτρης Βεκρής,"Αλιεία με το καΐκι ""Πανορμίτης"" ",g. 1970,Αιγιάλη,,,,,,,,,,,,,,Πάρις Τσιριγώτης,hozoviotissa
6,cmt_amorgos_archival_hozoviotissa_006,"Το καΐκι ""Κατερινα"" ",Δημήτρης Βεκρής,"Το καΐκι ""Κατερινα"" ",g. 1990,Αιγιάλη,,,,,,,,,,,,,,Πάρις Τσιριγώτης,hozoviotissa
7,cmt_amorgos_archival_hozoviotissa_007,Ζύγιση συναγρίδας απο καΐκι,Δημήτρης Βεκρής,Ο Γιαννης Βεκρής ζυγίζει μία συναγρίδα μέσα σε καΐκι.,g. 1970,Αμοργός,,,,,,,,,,,,,,Πάρις Τσιριγώτης,hozoviotissa
8,cmt_amorgos_archival_hozoviotissa_008,"Αλιεία με  βιντζότρατα ""Πανορμιτης""",Δημήτρης Βεκρής,"Ο Γιαννης Βεκρής δινεργεί αλιεία με την βιντζότρατα ""Πανορμιτης"".",1970,Αμοργός,,,,,,,,,,,,,,Πάρις Τσιριγώτης,hozoviotissa
9,cmt_amorgos_archival_hozoviotissa_009,Πλέξιμο σκοινιών αλιείας,Δημήτρης Βεκρής,Ο Γιαννης Βεκρής φτιάχνει τα σκοινιά αλιείας,1960,Αιγιάλη,,,,,,,,,,,,,,Πάρις Τσιριγώτης,hozoviotissa
10,cmt_amorgos_archival_hozoviotissa_010,"Το καΐκι ""Δημητράκης"" στο λιμάνι",Δημήτρης Βεκρής,"Το καΐκι ""Δημητράκης"" δεμένο στο Λιμάνι",1983,Αιγιάλη,,,,,,,,,,,,,,Πάρις Τσιριγώτης,hozoviotissa
11,cmt_amorgos_archival_hozoviotissa_011,Ψάρια στο καφάσι ,Δημήτρης Βεκρής,Ο Γιάννης Βεκρής τοποθετεί αλίευμα σε καφάσι μέσα σε καΐκι. ,1970,Αμοργός,,,,,,,"Γιάννης Βεκρής, αλίευμα, καϊκι",,,,,,,Πάρις Τσιριγώτης,hozoviotissa
12,cmt_amorgos_archival_hozoviotissa_012,Αλιείς σε καΐκι,Δημήτρης Βεκρής,"Αλιείς μέσα σε καΐκι.Γιάννης Βεκρής, Δημήτρης Βεκρής",1980,Λεβρεσό ,,,,,,,"αλιείς, καϊκι, Δημήτρης Βεκρής, Γιάννης Βεκρής, Λεβρεσό",,,,,,,Πάρις Τσιριγώτης,hozoviotissa
13,cmt_amorgos_archival_hozoviotissa_013,Καθάρισμα διχτυών σε λιμάνι,Δημήτρης Βεκρής,"Καθάρισμα Διχτυών σε λιμάνι.Γιάννης Βεκρής, Δημήτρης Βεκρής",1973,Αιγιάλη,,,,,,,"καθάρισμα διχτυών, ""Πανορμίτης"", Δημήτρης Βεκρής, Γιάννης Βεκρής, Αιγιαλή",,,,,,,Πάρις Τσιριγώτης,hozoviotissa
14,cmt_amorgos_archival_hozoviotissa_014,Αλίευμα σε καΐκι,Δημήτρης Βεκρής,"Αλίευμα μέσα στο καΐκι ""Πανορμίτης"" . Γιάννης Βεκρής, Δημήτρης Βεκρής",1973,Αιγιάλη,,,,,,,"αλίευμα, καϊκι, ""Πανορμίτης"", Δημήτρης Βεκρής, Γιάννης Βεκρής, Αιγιαλή",,,,,,,Πάρις Τσιριγώτης,hozoviotissa
15,cmt_amorgos_archival_hozoviotissa_015,Ρίξιμο διχτυών απο καΐκη,Δημήτρης Βεκρής,"Ρίξιμο Διχτυών απο το καΐκη ""Πανορμίτης"".Δημήτρης Βεκρής",1973,Νικουριά,,,,,,,"ρίξιμο διχτυών, ""Πανορμίτης"", Δημήτρης Βεκρής, Νικουριά",,,,,,,Πάρις Τσιριγώτης,hozoviotissa
16,cmt_amorgos_archival_hozoviotissa_016,Ο Γιάννης Βεκρής στο καΐκι του,Δημήτρης Βεκρής,Ο Γιάννης Βεκρής καθαρίζει δίχτυα στο καΐκι του,1980,Αμοργός,,,,,,,,,,,,,,,hozoviotissa
17,cmt_amorgos_archival_hozoviotissa_017,Λιμάνι Αιγιάλη,Ιωάννης Βεκρής,Καράβι και καΐκια στο λιμάνι της Αιγιάλης,1980,Αμοργός,,,,,,,,,,,,,,,hozoviotissa
18,cmt_amorgos_archival_hozoviotissa_018,Ο Γιάννης Βεκρής μπαλώνει δίχτυα,Ιωάννης Βεκρής,"Ο Γιάννης Βεκρής στο καΐκι Νεκτάριος στην Αιγιάλη, μπαλώνει δίχτυα",1970,Αμοργός,,,,,,,,,,,,,,,hozoviotissa
19,cmt_amorgos_archival_hozoviotissa_019,Καΐκια και ιστιοφόρο στην Κέρο,Ιωάννης Βεκρής,Καΐκια και ιστιοφόρο στην Κέρο,g. 2000,Κέρος,,,,,,,,,,,,,,,hozoviotissa
20,cmt_amorgos_archival_hozoviotissa_020,"Το καΐκι ""Ανάληψη"" ",Ιωάννης Βεκρής,"Το καΐκι ""Ανάληψη"" εν πλώ",1998,Αμοργός,,,,,,,,,,,,,,,hozoviotissa
21,cmt_amorgos_archival_hozoviotissa_021,"Το καΐκι ""Ανάληψη"" ",Ιωάννης Βεκρής,"Το καΐκι ""Ανάληψη""  στα κύματα",1998,Αμοργός,,,,,,,,,,,,,,,hozoviotissa
22,cmt_amorgos_archival_hozoviotissa_022,"Το καΐκι ""Ανάληψη"" ",Ιωάννης Βεκρής,"Το καΐκι ""Ανάληψη"" στο σούρουπο",1998,Αμοργός,,,,,,,,,,,,,,,hozoviotissa
23,cmt_amorgos_archival_hozoviotissa_023,"Το καΐκι ""Ανάληψη"" ",Ιωάννης Βεκρής,"Το καΐκι ""Ανάληψη""  στο λιμάνι",1994,Αμοργός,,,,,,,,,,,,,,,hozoviotissa
24,cmt_amorgos_archival_hozoviotissa_024,"Διάλειμμα για φαγητό στο καΐκι ""Ανάληψη""",Ιωάννης Βεκρής,Διάλειμμα για φαγητό στο καΐκι Ανάληψη,1994,Αμοργός,,,,,,,,,,,,,,,hozoviotissa
25,cmt_amorgos_archival_hozoviotissa_025,"Το καΐκι ""Ανάληψη"" ",Ιωάννης Βεκρής,"Το καΐκι ""Ανάληψη""  εν πλώ",1998,Αμοργός,,,,,,,,,,,,,,,hozoviotissa
26,cmt_amorgos_archival_hozoviotissa_026,Ο Μιχάλης Βεκρής μπαλώνει δίχτυα,Ιωάννης Βεκρής,Ο Μιχάλης Βεκρής μπαλώνει δίχτυα στην Αιγιάλη,γ. 1995,Αμοργός,,,,,,,,,,,,,,,hozoviotissa
27,cmt_amorgos_archival_hozoviotissa_027,"Το καΐκι ""Ανάληψη"" ",Ιωάννης Βεκρής,"Το καΐκι ""Ανάληψη""  μεσοπέλαγα",1998,Αμοργός,,,,,,,,,,,,,,,hozoviotissa
28,cmt_amorgos_archival_hozoviotissa_028,"Το καΐκι ""Ανάληψη"" ",Ιωάννης Βεκρής,"Το καΐκι ""Ανάληψη""  πετάει δίχτυα",1998,Αμοργός,,,,,,,,,,,,,,,hozoviotissa
29,cmt_amorgos_archival_hozoviotissa_029,Ο Μιχάλης Βεκρής,Ιωάννης Βεκρής,Ο Μιχάλης Βεκρής μπαλώνει δίχτυα στην Αιγιάλη,γ.  2000,Αμοργός,,,,,,,,,,,,,,,hozoviotissa
30,cmt_amorgos_archival_hozoviotissa_030,Ο Δημήτρης Γαβαλάς και ο Μιχάλης Κρόσμαν,Μιχάλης Κρόσμαν,Ο Δημήτρης Γαβαλάς και ο Μιχάλης Κρόσμαν στην Αγία Άννα,γ. 1990,Αμοργός,,,,,,,,,,,,,,,hozoviotissa
31,cmt_amorgos_archival_hozoviotissa_031,Ο Κώστας Σιγάλας πιάνοντας ψάρια,Μιχάλης Κρόσμαν,"Ο Κώστας Σιγάλας πιάνοντας ψάρια στο καΐκι ""Αγιος Γεωργιος""",γ. 1995,Αμοργός,,,,,,,"Κώστας Σιγάλας, ψαράς, καΐκι",,,,,,,Αλέξη Αρετή,hozoviotissa
32,cmt_amorgos_archival_hozoviotissa_032,Ο Κώστας Σιγάλας μαζεύοντας τα δίχτυα,Μιχάλης Κρόσμαν,Ο Κώστας Σιγάλας μαζεύοντας τα δίχτυα ,γ. 1980,Αμοργός,,,,,,,"Κώστας Σιγάλας, ψαράς, καΐκι, δίχτυα",,,,,,,Αλέξη Αρετή,hozoviotissa
33,cmt_amorgos_archival_hozoviotissa_033,"Ο Μιχάλης Σιμιδαλάς ο ""Καπετάνιος""",Μιχάλης Κρόσμαν,"Ο Μιχάλης Σιμιδαλάς ο ""Καπετάνιος"" στη Χώρα ",1985,Αμοργός,,,,,,,"Μιχάλης Σιμιδαλάς, Χώρα",,,,,,,Αλέξη Αρετή,hozoviotissa
34,cmt_amorgos_archival_hozoviotissa_034,Ο Κώστας Σιγάλας βγάζει την ψαριά του,Μιχάλης Κρόσμαν,Ο Κώστας Σιγάλας βγάζει την ψαριά του,,Αμοργός,,,,,,,"Κώστας Σιγάλας, ψαράς",,,,,,,Αλέξη Αρετή,hozoviotissa
35,cmt_amorgos_archival_hozoviotissa_035,Ψαράδες εν δράσει,Μιχάλης Κρόσμαν,Ψαράδες εν δράσει,1987,Αμοργός,,,,,,,"ψαράδες, καΐκι",,,,,,,Αλέξη Αρετή,hozoviotissa
36,cmt_amorgos_archival_hozoviotissa_036,Ψαρεύοντας στα νότια του νησιού,Μιχάλης Κρόσμαν,Ψάρεμα νότια της Αμοργού,1988,Αμοργός,,,,,,,"ψαράδες, καΐκι",,,,,,,Αλέξη Αρετή,hozoviotissa
37,cmt_amorgos_archival_hozoviotissa_037,Μπαλώνοντας τα δίχτυα,Μιχάλης Κρόσμαν,Μπαλώνοντας τα δίχτυα,1989,Αμοργός,,,,,,,δίχτυα,,,,,,,Αλέξη Αρετή,hozoviotissa
38,cmt_amorgos_archival_hozoviotissa_038,"Ο Γιώργης ο ""Κουρέας"" μπροστά από το καΐκι",Μιχάλης Κρόσμαν,"Καθάρισμα διχτυών στα Κατάπολα. Δεξιά ο Γιώργης ο ""Κουρέας"" ",1989,Αμοργός,,,,,,,"δίχτυα, καΐκι, Γιώργης ο κουρέας",,,,,,,Αλέξη Αρετή,hozoviotissa
39,cmt_amorgos_archival_hozoviotissa_039,Τράτα ανοιχτά της Αιγιάλης,Μιχάλης Κρόσμαν,Τράτα ανοιχτά της Αιγιάλης,1989,Αμοργός,,,,,,,"τράτα, Αιγιάλη",,,,,,,Αλέξη Αρετή,hozoviotissa
40,cmt_amorgos_archival_hozoviotissa_040,Τράτα ανοιχτά της Αιγιάλης,Μιχάλης Κρόσμαν,Τράτα ανοιχτά της Αιγιάλης,1989,Αμοργός,,,,,,,"τράτα, Αιγιάλη",,,,,,,Αλέξη Αρετή,hozoviotissa
41,cmt_amorgos_archival_hozoviotissa_041,Ο Κώστας Σιγάλας,Μιχάλης Κρόσμαν,Ο Κώστας Σιγάλας,γ. 1970,Αμοργός,,,,,,,Κώστας Σιγάλας,,,,,,,Αλέξη Αρετή,hozoviotissa
42,cmt_amorgos_archival_hozoviotissa_042,"Ο Μιχάλης Σιμιδαλάς ο ""Καπετάνιος""",Μιχάλης Κρόσμαν,"Ο Μιχάλης Σιμιδαλάς ο ""Καπετάνιος"" στη Χώρα ",1985,Αμοργός,,,,,,,"Μιχάλης Σιμιδαλάς, Χώρα",,,,,,,Αλέξη Αρετή,hozoviotissa
43,cmt_amorgos_archival_hozoviotissa_043,Ο Κώστας Σιγάλας μπαλώνει τα δίχτυα ,Μιχάλης Κρόσμαν,Ο Κώστας Σιγάλας μπαλώνει τα δίχτυα ,γ. 1980,Αμοργός,,,,,,,"Κώστας Σιγάλας, δίχτυα",,,,,,,Αλέξη Αρετή,hozoviotissa
44,cmt_amorgos_archival_hozoviotissa_044,"Ο ""Νικολότασσος"" πιάνοντας χταπόδια με το καμάκι του",Μιχάλης Κρόσμαν,"Ο ""Νικολότασσος"" ο χταποδάς πιάνοντας χταπόδια με το καμάκι στα Κατάπολα",γ. 1975,Αμοργός,,,,,,,"Νικολότασσος, χταπόδια, καμάκι",,,,,,,Αλέξη Αρετή,hozoviotissa
45,cmt_amorgos_archival_hozoviotissa_045,Ο Νικόλαος Ψακής με τη γυναίκα του Ουρανία,Μιχάλης Κρόσμαν,"Ο Νικόλαος Ψακής, του Ιωάννη, με τη γυναίκα του Ουρανία στα Κατάπολα",γ. 2000,Αμοργός,,,,,,,"Νικόλαος Ψακής, Ουρανία Ψακή",,,,,,,Αλέξη Αρετή,hozoviotissa
46,cmt_amorgos_archival_hozoviotissa_046,Ο Δημήτρης Γαβαλάς,Μιχάλης Κρόσμαν,"Ο Δημήτρης Γαβαλάς του Νικήτα, Χώρα",γ. 1990,Αμοργός,,,,,,,"Δημήτρης Γαβαλάς, Χώρα",,,,,,,Αλέξη Αρετή,hozoviotissa
47,cmt_amorgos_archival_hozoviotissa_047,Ο Νικήτας Ψακής ζυγίζοντας την ψαριά στα Κατάπολα,Μιχάλης Κρόσμαν,"Ο Νικήτας Ψακής του Ιωάννη, ζυγίζοντας την ψαριά, Κατάπολα",γ. 1990,Αμοργός,,,,,,,"καϊκι , ψάρια, Κατάπολα",,,,,,,Χρόνη Αγγελική,hozoviotissa
48,cmt_amorgos_archival_hozoviotissa_048,"Ο Νικήτας και ο  Γιάννης Βεκρής στο  καΐκι  ""Άγιος Νεκτάριος"" ",Μιχάλης Βεκρής,"Aπό αριστερά: Ο Νικήτας και ο  Γιάννης Βεκρής στο  καΐκι  ""Άγιος Νεκτάριος"" ξεδιαλέγοντας ψάρια",g. 1968,Αμοργός,,,,,,,"καϊκι, ψάρια",,,,,,,Χρόνη Αγγελική,hozoviotissa
49,cmt_amorgos_archival_hozoviotissa_049,Ο Νικήτας Βεκρής με τα δίχτυα του,Μιχάλης Βεκρής,Ο Νικήτας Βεκρής με τα δίχτυα του,γ.  1960,Αμοργός,,,,,,,"καϊκι, ψάρια",,,,,,,Χρόνη Αγγελική,hozoviotissa
50,cmt_amorgos_archival_hozoviotissa_050,"Ψαριά από αστακούς στον ""Τίμιο Σταυρό""",Μιχάλης Βεκρής,"Ψαριά από αστακούς στον ""Τίμιο Σταυρό""",γ.  1990,Αμοργός,,,,,,,"καϊκι, ψάρια",,,,,,,Χρόνη Αγγελική,hozoviotissa
51,cmt_amorgos_archival_hozoviotissa_051,Ο Νικήτας Βεκρής μπαλωνει τα δίχτυα του στην Αιγιάλη,Μιχάλης Βεκρής,Ο Νικήτας Βεκρής μπαλωνει τα δίχτυα του στην Αιγιάλη,γ.  2005,Αμοργός,,,,,,,"καϊκι, ψάρια, Αιγιάλη",,,,,,,Χρόνη Αγγελική,hozoviotissa
52,cmt_amorgos_archival_hozoviotissa_052,"Ο ""Τίμιος Σταυρός"" στην Σύρο",Μιχάλης Βεκρής,"Ο ""Τίμιος Σταυρός"" στην Σύρο",γ.  1998,Σύρος,,,,,,,"καϊκι, ψάρια, Σ´υρο",,,,,,,Χρόνη Αγγελική,hozoviotissa
53,cmt_amorgos_archival_hozoviotissa_053,Ο Μιχάλης Βεκρής ,Μιχάλης Βεκρής,Ο Μιχάλης Βεκρής ,,Αμοργός,,,,,,,Μιχάλης Βεκρής,,,,,,,Χρόνη Αγγελική,hozoviotissa
54,cmt_amorgos_archival_hozoviotissa_054,Ο Νικήτας Βεκρής με την οικογένεια του στην Αιγιάλη ,Μιχάλης Βεκρής,Ο Νικήτας Βεκρής με την οικογένεια του στην Αιγιάλη ,γ.  1987,Αμοργός,,,,,,,"Βεκρής, ΑΙγιάλη",,,,,,,Χρόνη Αγγελική,hozoviotissa
55,cmt_amorgos_archival_hozoviotissa_055,"Η Μαρία Βεκρή ξεδιαλέγει την ψαριά στο καϊκι ""Τίμιος Σταυρός""",Μιχάλης Βεκρής,"Η Μαρία Βεκρή ξεδιαλέγει την ψαριά στο καϊκι ""Τίμιος Σταυρός""",γ.  1987,Αμοργός,,,,,,,"καϊκι, ψάρια",,,,,,,Χρόνη Αγγελική,hozoviotissa
56,cmt_amorgos_archival_hozoviotissa_056,"Ο Νικόλας Θεολογίτης στην ταβέρνα ""Πανόραμα""",Μιχάλης Βεκρής,"Ο Νικόλας Θεολογίτης στην ταβέρνα ""Πανόραμα""",γ. 1975,Αμοργός,,,,,,,Πανόραμα,,,,,,,Χρόνη Αγγελική,hozoviotissa
57,cmt_amorgos_archival_hozoviotissa_057,Ο Νικήτας Βεκρής βάφει το καϊκι του,Μιχάλης Βεκρής,Ο Νικήτας Βεκρής βάφει το καϊκι του,γ.  1980,Αμοργός,,,,,,,καϊκι,,,,,,,Χρόνη Αγγελική,hozoviotissa
58,cmt_amorgos_archival_hozoviotissa_058,"Ο ""Τίιμιος Σταυρός"" στην Αιγιάλη",Μιχάλης Βεκρής,"Ο ""Τίιμιος Σταυρός"" στην Αιγιάλη",1990,Αμοργός,,,,,,,"καϊκι, Αιγιάλη",,,,,,,Χρόνη Αγγελική,hozoviotissa
59,cmt_amorgos_archival_hozoviotissa_059,"Η οικογένεια ψαράδων Βεκρή στην ""Ειρήνη""",Μιχάλης Βεκρής,"Η οικογένεια ψαράδων Βεκρή στην ""Ειρήνη""",1960,Αμοργός,,,,,,,καϊκι,,,,,,,Χρόνη Αγγελική,hozoviotissa
60,cmt_amorgos_archival_hozoviotissa_060,"Ο Νικήτας Βεκρής στον ""Τίμιο Σταυρό""",Μιχάλης Βεκρής,"Ο Νικήτας Βεκρής στον ""Τίμιο Σταυρό""",γ.  1985,Αμοργός,,,,,,,καϊκι,,,,,,,Χρόνη Αγγελική,hozoviotissa
61,cmt_amorgos_archival_hozoviotissa_061,"Το καΐκι ""Τίμιος Σταυρός"" με το πλήρωμά του",Μιχάλης Βεκρής,Ο Νικήτας Βεκρής και το πλήρωμα στο καΐκι Τίμιος Σταυρός στο λιμάνι της Αιγιάλης,γ.  1985,Αμοργός,,,,,,,"καΐκι, Αιγιάλη",,,,,,,Γιώργος Παπαδανέλλης,hozoviotissa
62,cmt_amorgos_archival_hozoviotissa_062,"Το καΐκι ""Τίμιος Σταυρός""",Μιχάλης Βεκρής,"Ο Νικήτας Βεκρής στο καΐκι Τίμιος Σταυρός, λιμάνι Αιγιάλης;ο",γ.  1985,Αμοργός,,,,,,,"καΐκι, Αιγιάλη",,,,,,,Γιώργος Παπαδανέλλης,hozoviotissa
63,cmt_amorgos_archival_hozoviotissa_063,Οικογένεια ψαράδων στην Αιγιάλη,Μιχάλης Βεκρής,Οικογένεια Βεκρή μπαλώνοντας δίχτυα,γ.  2000,Αμοργός,,,,,,,"ψαραδες, οικογένεια, Αιγιάλη",,,,,,,Γιώργος Παπαδανέλλης,hozoviotissa
64,cmt_amorgos_archival_hozoviotissa_064,"Το καΐκι ""Τίμιος Σταυρός""",Μιχάλης Βεκρής,"Το καΐκι ""Τίμιος Σταυρός"" στο λιμάνι της Αιγιάλης",γ.  1985,Αμοργός,,,,,,,"καΐκι, Αιγιάλη",,,,,,,Γιώργος Παπαδανέλλης,hozoviotissa
65,cmt_amorgos_archival_hozoviotissa_065,"Το καΐκι ""Τίμιος Σταυρός""",Μιχάλης Βεκρής,"Ο Νικήτας Βεκρής και πλήρωμα στο καΐκι ""Τίμιος Σταυρός"" στο λιμάνι της Αιγιάλης, δίχτυαΟ",γ.  1985,Αμοργός,,,,,,,"καΐκι, Αιγιάλη",,,,,,,Γιώργος Παπαδανέλλης,hozoviotissa
66,cmt_amorgos_archival_hozoviotissa_066,"Το καΐκι ""Τίμιος Σταυρός""",Μιχάλης Βεκρής,"Ο Μιχάλης Βεκρής στο καΐκι ""Τίμιος Σταυρός"" στο λιμάνι της Αιγιάλης",γ.  2000,Αμοργός,,,,,,,"καΐκι, Αιγιάλη",,,,,,,Γιώργος Παπαδανέλλης,hozoviotissa
67,cmt_amorgos_archival_hozoviotissa_067,Νικήτας Βεκρής,Μιχάλης Βεκρής,Πορτραίτο του Νικήτα Βεκρή,γ.  1960,Αμοργός,,,,,,,"ψαράς, Αιγιάλη",,,,,,,Γιώργος Παπαδανέλλης,hozoviotissa
68,cmt_amorgos_archival_hozoviotissa_068,"Το καΐκι ""Αντώνιος""",Νικόλαος Βεκρής,"Ο Νικόλαος Βεκρής με το καΐκι ""Αντώνιος"" και παιδιά να τον βοηθούν με τα δίχτυα, Ξυλοκερατίδι",1968,Αμοργός,,,,,,,"ψαράς, καΐκι, Κατάπολα",,,,,,,Γιώργος Παπαδανέλλης,hozoviotissa
69,cmt_amorgos_archival_hozoviotissa_069,"Το καΐκι ""Ταξιάρχης""",Νικόλαος Βεκρής,"Ο Νικόλαος Βεκρής με την παραδοσιακή βάρκα ""Ταξιάρχης""",γ. 2000,Αμοργός,,,,,,,"ψαράς, καΐκι, Κατάπολα",,,,,,,Γιώργος Παπαδανέλλης,hozoviotissa
70,cmt_amorgos_archival_hozoviotissa_070,"Το καΐκι ""Αγιος Γεώργιος Βαλσαμίτης""",Νικόλαος Βεκρής,"Ναυπήγηση του ""Αγίου Γεωργίου Βαλσαμίτη"", Ξυλοκερατιδι",1979,Αμοργός,,,,,,,"ψαράς, καΐκι, Κατάπολα",,,,,,,Γιώργος Παπαδανέλλης,hozoviotissa
71,cmt_amorgos_archival_hozoviotissa_071,"Το καΐκι ""Αγιος Γεώργιος Βαλσαμίτης""",Νικόλαος Βεκρής,"Καθέλκυση του ""Αγίου Γεωργίου Βαλσαμίτη"", Ξυλοκερατίδι",1980,Αμοργός,,,,,,,"ψαράς, καΐκι, Κατάπολα",,,,,,,Γιώργος Παπαδανέλλης,hozoviotissa
72,cmt_amorgos_archival_hozoviotissa_072,"Το καΐκι ""Αγιος Γεώργιος Βαλσαμίτης""",Νικόλαος Βεκρής,"Το καΐκι ""Αγιος Γεωργιος Βαλσαμιτης"" εν πλώ",1983,Αμοργός,,,,,,,"ψαράς, καΐκι, Κατάπολα",,,,,,,Γιώργος Παπαδανέλλης,hozoviotissa
73,cmt_amorgos_archival_hozoviotissa_073,"Το καΐκι ""Αντώνιος Βεκρής",Νικόλαος Βεκρής,"Ψάρεμα με το καΐκι ""Αντώνιος Βεκρής""",2008,Αμοργός,,,,,,,"ψαράς, καΐκι, Κατάπολα",,,,,,,Γιώργος Παπαδανέλλης,hozoviotissa
74,cmt_amorgos_archival_hozoviotissa_074,"Το καΐκι ""Αντώνιος Βεκρής",Νικόλαος Βεκρής,Ηλιοβασίλεμα στα Κατάπολα,2000,Αμοργός,,,,,,,"καϊκι, ηλιοβασίλεμα, Κατάπολα",,,,,,,Γιώργος Παπαδανέλλης,hozoviotissa
75,cmt_amorgos_archival_hozoviotissa_075,"Το καΐκι ""Αντώνιος Βεκρής",Νικόλαος Βεκρής,"Ψάρεμα με το καΐκι ""Αντώνιος Βεκρής"" στον λιμάνι των Καταπόλων",2008,Αμοργός,,,,,,,"ψαράς, καΐκι, Κατάπολα",,,,,,,Γιώργος Παπαδανέλλης,hozoviotissa
76,cmt_amorgos_archival_hozoviotissa_076,Ο καπετάνιος Νικόλας Βεκρής,Νικόλαος Βεκρής,Ο καπετάνιος Νικόλας Βεκρής,1965,Αμοργός,,,,,,,,,,,,,,,hozoviotissa
77,cmt_amorgos_archival_hozoviotissa_077,"Παντελής Βεκρής του Αντωνόυ, Κατάπολα",Νικόλαος Βεκρής,"Παντελής Βεκρής του Αντωνίου, Κατάπολα",γ. 1995,Αμοργός,,,,,,,,,,,,,,,hozoviotissa
78,cmt_amorgos_archival_hozoviotissa_078,"Το καΐκι ""Παπαντή"" στα Κατάπολα ",Παρασκευάς Ρούσσος,"Το καΐκι ""Παπαντή"" στα Κατάπολα, Γιώργος και Κώστας Ρούσσος ",γ. 1985,Αμοργός,,,,,,,,,,,,,,,hozoviotissa
79,cmt_amorgos_archival_hozoviotissa_079,Ψαράδες,Παρασκευάς Ρούσσος,Ψαράδες που αγναντεύουν το πέλαγος,,,,,,,,,,,,,,,,,hozoviotissa
80,cmt_amorgos_archival_hozoviotissa_080,"Καλοταρίτισσα, Κώστας Ρούσσος",Παρασκευάς Ρούσσος,"Κώστας Ρούσσος του Γεωργίου, Καλοταρίτισσα",γ. 1990,Αμοργός,,,,,,,,,,,,,,,hozoviotissa
81,cmt_amorgos_archival_hozoviotissa_081,Νικόλαος Βεκρής και Κώστας Ρούσσος,Παρασκευάς Ρούσσος,Νικόλαος Βεκρής και Κώστας Ρούσσος ,γ. 1990,Αμοργός,,,,,,,,,,,,,,,hozoviotissa
82,cmt_amorgos_archival_hozoviotissa_082,"Καλοταρίτισσα, Νικόλαος και Κώστας Ρούσσος",Γεώργιος Ρούσσος,"Νικόλαος Ρούσσος και Κώστας Ρούσσος, Καλοταρίτισσα",γ. 2010,Αμοργός,,,,,,,,,,,,,,,hozoviotissa
83,cmt_amorgos_archival_hozoviotissa_083,"Καλοταρίτισσα, Νικόλαος και Κώστας Ρούσσος",Γεώργιος Ρούσσος,"Νικόλαος Ρούσσος και Κωστας Ρουσσος, Καλοταρίτισσα",γ. 1990,Αμοργός,,,,,,,,,,,,,,,hozoviotissa
84,cmt_amorgos_archival_hozoviotissa_084,"Καΐκι ""Άγιος Γεώργιος""",Δημήτρης Γαβαλάς,"Ψάρεμα με το καΐκι ""Άγιος Γεώργιος"" ",,Αμοργός,,,,,,,,,,,,,,,hozoviotissa
85,cmt_amorgos_archival_hozoviotissa_085,Νότια της Αμοργού,Δημήτρης Γαβαλάς,Ο Δημήτρης Γαβαλάς και ο αδελφός του ο Γιάννης νότια της Αμοργού. ,,Αμοργός,,,,,,,,,,,,,,,hozoviotissa
86,cmt_amorgos_archival_hozoviotissa_086,Ψάρεμα στην Αγία ΄Αννα,Δημήτρης Γαβαλάς,Ψαρέματα στην Αγία Άννα,γ. 1980,Αμοργός,,,,,,,,,,,,,,,hozoviotissa
87,cmt_amorgos_archival_hozoviotissa_087,Ψάρεμα στην Αγία ΄Αννα,Δημήτρης Γαβαλάς,Ψαρέματα στην Αγία Άννα,γ. 1980,Αμοργός,,,,,,,,,,,,,,,hozoviotissa
88,cmt_amorgos_archival_hozoviotissa_088,Ψάρεμα στην Αγία ΄Αννα,Δημήτρης Γαβαλάς,"Ψαρέματα στην Αγία Άννα, ξεδιαλέγοντας τα ψάρια",γ. 1980,Αμοργός,,,,,,,,,,,,,,,hozoviotissa
89,cmt_amorgos_archival_hozoviotissa_089,Καθάρισμα διχτυών,Δημήτρης Γαβαλάς,Καθαρίζοντας δίκτυα στην Αγία Άννα,,Αμοργός,,,,,,,καθάρισμα δίχτυα,,,,,,,Μ.Γ,hozoviotissa
90,cmt_amorgos_archival_hozoviotissa_090,Καθάρισμα διχτυών,Δημήτρης Γαβαλάς,Καθαρίζοντας δίκτυα στην Αγία Άννα,,Αμοργός,,,,,,,καθάρισμα δίχτυα,,,,,,,Μ.Γ,hozoviotissa
91,cmt_amorgos_archival_hozoviotissa_091,Ο Δημήτρης Γαβαλάς,Δημήτρης Γαβαλάς,Δημήτρης Γαβαλάς από την Χώρα,,Αμοργός,,,,,,,"ψαράς, Χώρα",,,,,,,Μ.Γ,hozoviotissa
92,cmt_amorgos_archival_hozoviotissa_092,Ο Δημήτρης Γαβαλάς στο σπίτι του ,Δημήτρης Γαβαλάς,Δημήτρης Γαβαλάς στο σπίτι του στη Χώρα (πλατύστενο),,Αμοργός,,,,,,,"ψαράς, Χώρα",,,,,,,ΜΓ,hozoviotissa
93,cmt_amorgos_archival_hozoviotissa_093,Ο Δημήτρης Γαβαλάς στο σπίτι του ,Δημήτρης Γαβαλάς,Δημήτρης Γαβαλάς στο σπίτι του στη Χώρα (πλατύστενο),,Αμοργός,,,,,,,"ψαράς, Χώρα",,,,,,,Μ.Γ,hozoviotissa
94,cmt_amorgos_archival_hozoviotissa_094,Ο Δημήτρης Γαβαλάς στη Χώρα,Δημήτρης Γαβαλάς,"Δημήτρης Γαβαλάς, Χώρα",,Αμοργός,,,,,,,"ψαράς, Χώρα",,,,,,,Μ.Γ,hozoviotissa
95,cmt_amorgos_archival_hozoviotissa_095,Δημήτρης Γαβαλάς-Μπουρού,Δημήτρης Γαβαλάς,"Δημήτρης Γαβαλάς, ""βουκινίζει"" για να πουλήσει ψάρια, Κατάπολα",,Αμοργός,,,,,,,"ψαράς, μπουρού",,,,,,,Μ.Γ,hozoviotissa
96,cmt_amorgos_archival_hozoviotissa_096,Ο Δημήτρης Γαβαλάς στα Κατάπολα,Δημήτρης Γαβαλάς,"Δημητρης Γαβαλας,Κατάπολα",,Αμοργός,,,,,,,"ψαράς, Κατάπολα",,,,,,,Μ.Γ,hozoviotissa
97,cmt_amorgos_archival_hozoviotissa_097,Ο Δημήτρης Γαβαλάς στο Σύρμα,Δημήτρης Γαβαλάς,"Δημήτρης Γαβαλάς, Αγία Άννα-Σύρμα",γ. 1970,Αμοργός,,,,,,,"ψαράς, Αγία Άννα",,,,,,,Μ.Γ,hozoviotissa
98,cmt_amorgos_archival_hozoviotissa_098,Ο Νικήτας Γαβαλάς-Σταχτούρης,Δημήτρης Γαβαλάς,"Νικήτας Γαβαλάς (Σταχτούρης), διαλογή ψαριών",,Αμοργός,,,,,,,"ψαράς, διαλογή ψαριών",,,,,,,Μ.Γ,hozoviotissa
99,cmt_amorgos_archival_hozoviotissa_099,Νικήτας Ψακής και Λευτέρης Γαβαλάς-Καλοταρίτισσα,Ιωάννης Ψακής,Νικήτας Ψακής και Λευτέρης Γαβαλάς ξεφορτώνουν ψάρια στην Καλοταρίτισσα,1999,Αμοργός,,,,,,,"ψαράδες, Καλοταρίτισσα",,,,,,,Μ.Γ,hozoviotissa
100,cmt_amorgos_archival_hozoviotissa_100,Γιάννης Ψακής στα Κατάπολα,Ιωάννης Ψακής,"Ιωάννης Ψακής στο καϊκι του , Κατάπολα",1994,Αμοργός,,,,,,,"ψαράς, καϊκι",,,,,,,Μ.Γ,hozoviotissa
101,cmt_amorgos_archival_hozoviotissa_101,Ο Νικήτας Ψακής,Ιωάννης Ψακής,Ο Νικήτας Ψακής στο ψάρεμα,,Αμοργός,,,,,,,"ψαράς, ψάρεμα",,,,,,,Μ.Γ,hozoviotissa
102,cmt_amorgos_archival_hozoviotissa_102,Γιάννης Θεολογίτης-Στούππης,Παρασκευώ Θεολογίτου,"Θεολογίτης Ιωάννης του Νικήτα ""Στούππης"", Καμάρι ",γ. 1980,Αμοργός,,,,,,,"ψαράς, Καμάρι",,,,,,,Μ.Γ,hozoviotissa
103,cmt_amorgos_archival_hozoviotissa_103,Γιάνης Θελογίτης-Στούππης,Παρασκευώ Θεολογίτου,"Θεολογίτης Ιωάννης του Νικήτα ""Στούππης"", Καμάρι ",γ. 1980,Αμοργός,,,,,,,"ψαράς, Καμάρι",,,,,,,Μ.Γ,hozoviotissa
104,cmt_amorgos_archival_ioannis i vekris_001,Ο Ηλίας Βεκρής ψαρεύει χταπόδια,Ιωάννης Η. Βεκρής,Ψαρεύοντας για χταπόδια στον Άγιο Παύλο. Ηλίας Βεκρής (στα δεξια).,γ. 2000,Αμοργός,,,,,,,,,,,,,,,ioannis i vekris
105,cmt_amorgos_archival_ioannis i vekris_002,"Ο Ηλίας Βεκρής και η λάντζα ""Παναγία Ακαθή""",Ιωάννης Η. Βεκρής,"Ο Ηλίας Βεκρής και η λάντζα ""Παναγία Ακαθή"" (ναυπήγηση Βλάμη)",1967,Αμοργός,,,,,,,,,,,,,,,ioannis i vekris
106,cmt_amorgos_archival_ioannis i vekris_003,Ο Ηλίας Βεκρής στη Νικουριά,Ιωάννης Η. Βεκρής,Νικουριά. Ηλίας Βεκρής στ' αριστερά,γ. 1960,Αμοργός,,,,,,,,,,,,,,,ioannis i vekris
107,cmt_amorgos_archival_ioannis i vekris_004,Ο Δημήτρης Βεκρής και ο Γιάννης Σμυρνής στη Νικουριά,Ιωάννης Η. Βεκρής,"(Δεξιά Δημήτρης Βεκρής, Αριστερά Γιάννης Σμυρνής). Νικουριά Συναγρίδα ",γ. 1980,Αμοργός,,,,,,,,,,,,,,,ioannis i vekris
108,cmt_amorgos_archival_ioannis i vekris_005,Ο Ιωάννης Βεκρής στη Νικουριά,Ιωάννης Η. Βεκρής,"Παναγία Ακαθή, Νικουριά. Δεξιά Ιωάννης Βεκρής",γ. 1960,Αμοργός,,,,,,,,,,,,,,,ioannis i vekris
109,cmt_amorgos_archival_ioannis i vekris_006,Οικογένειες Βεκρή και Πρέκα,Ιωάννης Η. Βεκρής,Οικογένεια Βεκρή και Οικογένεια Πρέκα,γ. 1975,Αμοργός,,,,,,,,,,,,,,,ioannis i vekris
110,cmt_amorgos_archival_ioannis i vekris_007,Μεταφέροντας κόσμο απ' το πλοίο,Ιωάννης Η. Βεκρής,"Δεξιά: Ηλίας Βεκρής, Αριστερά: Χρήστος Συνοδινός. Αιγιάλη. Μεταφέροντας κόσμο απ'το πλοίο",γ. 1960,Αμοργός,,,,,,,,,,,,,,,ioannis i vekris
111,cmt_amorgos_archival_ioannis i vekris_008,Μεταφέροντας κόσμο στον Άγιο Παύλο,Ιωάννης Η. Βεκρής,Μεταφέροντας κόσμο. Άγιος Παύλος,γ. 1970,Αμοργός,,,,,,,,,,,,,,,ioannis i vekris
112,cmt_amorgos_archival_ioannis i vekris_009,Ηλίας Βεκρής και Λευτέρης Βεκρής,Ιωάννης Η. Βεκρής,Από αριστερά: Ηλίας Βεκρής και Λευτέρης Βεκρής. Παναγία Ακάθη ,γ. 1975,Αμοργός,,,,,,,,,,,,,,,ioannis i vekris
113,cmt_amorgos_archival_ioannis i vekris_010,Ηλίας Βεκρής ,Ιωάννης Η. Βεκρής,Κάτω: Ηλίας Βεκρής,γ 1965,Αμοργός,,,,,,,,,,,,,,,ioannis i vekris
114,cmt_amorgos_archival_ioannis i vekris_011,Παραλία Αιγιάλης,Ιωάννης Η. Βεκρής,Παραλία Αιγιάλης,γ. 1950,Αμοργός,,,,,,,,,,,,,,,ioannis i vekris
115,cmt_amorgos_archival_ioannis i vekris_012,"Βάρκα ""Παύλος"", Άγιος Παύλος",Ιωάννης Η. Βεκρής,"Βάρκα ""Παύλος"", Άγιος Παύλος",γ. 1980,Αμοργός,,,,,,,,,,,,,,,ioannis i vekris
116,cmt_amorgos_archival_skopelitis_001,"Το καΐκι ""Χοζοβιώτισσα""",Γιάννης Σκοπελίτης,"Το καΐκι ""Χοζοβιώτισσα""",γ. 1980,Αμοργός,,,,,,,,,,,,,,,skopelitis
117,cmt_amorgos_archival_skopelitis_002,Βαρκες στα χιονισμενα καταπολα,Γιάννης Σκοπελίτης,Βαρκες στα χιονισμενα καταπολα,γ. 1980,Αμοργός,,,,,,,,,,,,,,,skopelitis
118,cmt_amorgos_archival_skopelitis_003,,Γιάννης Σκοπελίτης,,,,,,,,,,,,,,,,,,skopelitis
119,cmt_amorgos_archival_skopelitis_004,,Γιάννης Σκοπελίτης,"Ο Δημητρης Σκοπελιτης στον ""Αγιο Νικολαο"" στην Ηρακλεια",γ. 1970,,,,,,,,,,,,,,,,skopelitis
120,cmt_amorgos_archival_skopelitis_005,,Γιάννης Σκοπελίτης,Πισω μερως φωτογραφιας με σημειωμα ,γ. 1970,,,,,,,,,,,,,,,,skopelitis
121,cmt_amorgos_archival_skopelitis_006,Οπίσθια όψη φωτογραφίας,Γιάννης Σκοπελίτης,"Οπίσθια όψη φωτογραφίας με πρόχειρα σχέδια και σημειώσεις (αριθμοί, ονόματα)",γ. 1965,,,,,,,,,,,,,,,,skopelitis
122,cmt_amorgos_archival_skopelitis_007,Οπίσθια όψη κάρτας,Γιάννης Σκοπελίτης,"Οπίσθια όψη κάρτας με έντυπο σημείωμα «ΝΗΣΟΣ ΑΜΟΡΓΟΣ», και ευχετήριο σημείωμα: «Αγαπητέ Ντίνο μετά... Μήτσος, Σοφία, Γιάννης»",1965,Αμοργός,,,,,,,"κάρτα, ευχές ",,,,,,,Μ.Κ.,skopelitis
123,cmt_amorgos_archival_skopelitis_008,"Το καΐκι ""Άγιος Γεώργιος Βαλσαμίτης"" ",Γιάννης Σκοπελίτης,"Το καΐκι ""Άγιος Γεώργιος Βαλσαμίτης"" στο λιμάνι της Νάξου",γ. 1970,Νάξος,,,,,,,"καΐκι, ""Άγιος Γεώργιος Βαλσαμίτης"",  Νάξος",,,,,,,Μ.Κ.,skopelitis
124,cmt_amorgos_archival_skopelitis_009,Ο Δημήτρης Βαλσαμίτης παίζει βιολί,Γιάννης Σκοπελίτης,"Ο Δημήτρης Σκοπελίτης παίζει βιολί, Κουφονήσι",γ. 1960,Κουφονήσι,,,,,,,"Δημήτρης Σκοπελίτης,γλέντι,  βιολί, Κουφονήσι",,,,,,,Μ.Κ.,skopelitis
125,cmt_amorgos_archival_skopelitis_010,"Το καΐκι ""Χοζοβιώτισσα""",Γιάννης Σκοπελίτης,"Το καΐκι ""Χοζοβιώτισσα"" στα Κατάπολα",γ. 1970,Αμοργός,,,,,,,"καΐκι, ""Χοζοβιώτισσα"",  Κατάπολα",,,,,,,Μ.Κ.,skopelitis
126,cmt_amorgos_archival_skopelitis_011,"Το πλοίο ""Μαριάννα""",Γιάννης Σκοπελίτης,"Το πλοίο  ""Μαριάννα"" στα Κατάπολα",γ. 1980,Αμοργός,,,,,,,"πλοίο, ""Μαριάννα"", Κατάπολα",,,,,,,Μ.Κ.,skopelitis
127,cmt_amorgos_archival_skopelitis_012,"Το πλοίο ""Σποράδες""",Γιάννης Σκοπελίτης,"Το καΐκι  "" Άγιος Γεώργιος Βαλσαμίτης"" στα Κατάπολα. Πάνω στο  καΐκι διακρίνεται ιερέας που απευθύνεται σε πλήθος πιστών στην προκυμαία.",γ. 1970,Αμοργός,,,,,,,"καΐκι,  "" Άγιος Γεώργιος Βαλσαμίτης"" , Κατάπολα",,,,,,,Μ.Κ.,skopelitis
128,cmt_amorgos_archival_skopelitis_013,"Το πλοίο ""Σποράδες""",Γιάννης Σκοπελίτης,"Το πλοίο ""Σποράδες"" (μετέπειτα ""Σκοπελίτης"")",γ. 1980,,,,,,,,"πλοίο, ""Σποράδες""",,,,,,,Μ.Κ.,skopelitis
129,cmt_amorgos_archival_skopelitis_014,,Γιάννης Σκοπελίτης,,,,,,,,,,,,,,,,,Μ.Κ.,skopelitis
130,cmt_amorgos_archival_skopelitis_015,"Το πλοίο ""Σκοπελίτης"" ",Γιάννης Σκοπελίτης,"Το πλοίο ""Σκοπελίτης"" σε δρομολόγιό του στις Μικρές Κυκλάδες",γ. 1980,Κυκλάδες,,,,,,,"πλοίο, ""Σκοπελίτης"" , Μικρές Κυκλάδες",,,,,,,Μ.Κ.,skopelitis
131,cmt_amorgos_archival_skopelitis_016,"Το καΐκι ""Σκοπελίτης"" και το πλοίο ""Μαριάννα"" ",Γιάννης Σκοπελίτης,"Το καΐκι ""Σκοπελίτης"" και στο βάθος το πλοίο ""Μαριάννα"" στα Κατάπολα",γ. 1980,Αμοργός,,,,,,,"καΐκι, ""Σκοπελίτης"", πλοίο, ""Μαριάννα"", Κατάπολα",,,,,,,Μ.Κ.,skopelitis
132,cmt_amorgos_archival_skopelitis_017,"Το καΐκι  ""Δημήτριος""",Γιάννης Σκοπελίτης,"Το καΐκι  ""Δημήτριος"" στις Σπέτσες",γ. 1990,Σπέτσες,,,,,,,"καΐκι,  ""Δημήτριος"", Σπέτσες",,,,,,,Μ.Κ.,skopelitis
133,cmt_amorgos_archival_skopelitis_018,"Το πλοίο ""Μαριάννα,"" ",Γιάννης Σκοπελίτης,"Το πλοίο ""Μαριάννα,"" με τον Μιχάλη Ψακή τον ""Μουγκό"" ",γ. 1980,,,,,,,,"πλοίο,  ""Μαριάννα,"" Μιχάλης Ψακής",,,,,,,Μ.Κ.,skopelitis
134,cmt_amorgos_archival_skopelitis_019,"Το πλοίο ""Σκοπελίτης""",Γιάννης Σκοπελίτης,"Το πλοίο ""Σκοπελίτης"" στην Ηρακλειά",γ. 1980,Ηρακλειά,,,,,,,"πλοίο , ""Σκοπελίτης"", Ηρακλεία",,,,,,,Μ.Κ.,skopelitis
135,cmt_amorgos_archival_skopelitis_020,Το πλοίο «Σποράδες»,Γιάννης Σκοπελίτης,Το πλοίο «Σποράδες» εν πλω (μεταγενέστερα «Σκοπελίτης») ,,,,,,,,,"πλοίο, θάλασσα",,,,,,,Μ.Κ.,skopelitis
136,cmt_amorgos_archival_skopelitis_021,Ψάρεμα με γρι-γρι ,Γιάννης Σκοπελίτης,Ψάρεμα με γρι-γρι στο καΐκι «Πανορμίτη» στην Ίο ,γ. 1960,Ίος,,,,,,,"ψάρεμα, γρι-γρι, καΐκι, Ίος, θάλασσα, δίχτυα, ψάρια, αλιεία",,,,,,,Μ.Κ.,skopelitis
137,cmt_amorgos_archival_skopelitis_022,Ψάρεμα με γρι-γρι ,Γιάννης Σκοπελίτης,Ψάρεμα με γρι-γρι στο καΐκι «Πανορμίτη» στην Ίο ,γ. 1960,Ίος,,,,,,,"ψάρεμα, γρι-γρι, καΐκι, Ίος, θάλασσα, δίχτυα, ψάρια, αλιεία",,,,,,,Μ.Κ.,skopelitis
138,cmt_amorgos_archival_skopelitis_023,Το καΐκι «Δημήτριος» ,Γιάννης Σκοπελίτης,Το καΐκι «Δημήτριος» ,γ. 1990,Αμοργός,,,,,,,αλιεία,,,,,,,Μ.Κ.,skopelitis
139,cmt_amorgos_archival_skopelitis_024,Καΐκια στα Καταπολα,Γιάννης Σκοπελίτης,Καΐκια στα Καταπολα,γ. 1980,Αμοργός,,,,,,,"καΐκι, θάλασσα",,,,,,,Μ.Κ.,skopelitis
140,cmt_amorgos_archival_skopelitis_025,Φόρτωμα εμπορευμάτων ,Γιάννης Σκοπελίτης,Φόρτωμα εμπορευμάτων στο λιμάνι της Νάξου,γ. 1980,Νάξος,,,,,,,"εμπορεύματα, καΐκι,θάλασσα",,,,,,,Μ.Κ.,skopelitis
141,cmt_amorgos_archival_skopelitis_026,Το καΐκι «Βαλσαμίτης»,Γιάννης Σκοπελίτης,Το καΐκι «Βαλσαμίτης»,γ. 1970,Αμοργός,,,,,,,"καΐκι, θάλασσα",,,,,,,Μ.Κ.,skopelitis
142,cmt_amorgos_archival_skopelitis_027,Ψάρεμα με γρι-γρι ,Γιάννης Σκοπελίτης,Ψάρεμα με γρι-γρι στο καΐκι Πανορμίτη στην Ίο ,γ. 1960,Ίος,,,,,,,"ψάρεμα, γρι-γρι, καΐκι, Ίος, θάλασσα, δίχτυα, ψάρια, αλιεία",,,,,,,Μ.Κ.,skopelitis
143,cmt_amorgos_archival_skopelitis_028,Ψάρεμα με γρι-γρι ,Γιάννης Σκοπελίτης,Ψάρεμα με γρι-γρι στο καΐκι Πανορμίτη στην Ίο ,γ. 1960,Ίος,,,,,,,"ψάρεμα, γρι-γρι, καΐκι, Ίος, θάλασσα, δίχτυα, ψάρια, αλιεία",,,,,,,Μ.Κ.,skopelitis
144,cmt_amorgos_archival_skopelitis_029,Το καΐκι «Πανορμίτης»,Γιάννης Σκοπελίτης,Το καΐκι «Πανορμίτης»,,Μικρές Κυκλάδες,,,,,,,"καΐκι, θάλασσα",,,,,,,Μ.Κ.,skopelitis
145,cmt_amorgos_archival_skopelitis_030,Το πλοίο «Σκοπελίτης» και το καΐκι «Αντώνιος Βεκρής» ,Γιάννης Σκοπελίτης,Το πλοίο «Σκοπελίτης» και το καΐκι «Αντώνιος Βεκρής» στα Κατάπολα,γ. 1980,Αμοργός,,,,,,,"καΐκι, πλοίο,θάλασσα",,,,,,,Μ.Κ.,skopelitis
146,cmt_amorgos_archival_skopelitis_031,Το καΐκι «Πανορμίτης»,Γιάννης Σκοπελίτης,Το καΐκι «Πανορμίτης» στα Κουφονήσια,γ. 1970,Κουφονήσια,,,,,,,"καΐκι, θάλασσα",,,,,,,Μ.Κ.,skopelitis
147,cmt_amorgos_archival_skopelitis_032,Το καΐκι «Πανορμίτης»,Γιάννης Σκοπελίτης,Το καΐκι «Πανορμίτης» στην Γραμβούσα ,γ. 1960,Αμοργός,,,,,,,"καΐκι, θάλασσα",,,,,,,Μ.Κ.,skopelitis
148,cmt_amorgos_archival_skopelitis_033,Το καΐκι «Πανορμίτης»,Γιάννης Σκοπελίτης,Το καΐκι «Πανορμίτης»,,Μικρές Κυκλάδες,,,,,,,"καΐκι, θάλασσα",,,,,,,Μ.Κ.,skopelitis
149,cmt_amorgos_archival_skopelitis_034,Καΐκι στα Κουφονήσια,Γιάννης Σκοπελίτης,Καΐκι στα Κουφονήσια,,Κουφονήσια,,,,,,,"καΐκι, θάλασσα",,,,,,,Μ.Κ.,skopelitis
150,cmt_amorgos_archival_skopelitis_035,Το πλοίο «Σκοπελίτης» ,Γιάννης Σκοπελίτης,Το πλοίο «Σκοπελίτης» σε δρομολόγιό του στις Μικρές Κυκλάδες,γ. 1980,Μικρές Κυκλάδες,,,,,,,"πλοίο, θάλασσα, Σκοπελίτης",,,,,,,Μ.Κ.,skopelitis
